phase,sim_time,eta_a,eta_b,e_delta_a,e_delta_b
pre_rest,100.0,0.000000,-0.003082,0,0
pre_rest,200.0,0.000000,-0.002976,0,0
pre_rest,300.0,0.000000,-0.002959,0,0
pre_rest,400.0,0.000000,-0.002954,0,0
pre_rest,500.0,0.000000,-0.002959,0,0
pre_rest,600.0,0.000000,-0.003035,0,0
pre_rest,700.0,0.000000,-0.002959,0,0
pre_rest,800.0,0.000000,-0.004124,0,0
pre_rest,900.0,0.000000,-0.002959,0,0
pre_rest,1000.0,0.000000,-0.002963,0,0
pre_rest,1100.0,0.000000,-0.002959,0,0
pre_rest,1200.0,0.000000,-0.002959,0,0
pre_rest,1300.0,0.000000,-0.002959,0,0
pre_rest,1400.0,0.000000,-0.002963,0,0
pre_rest,1500.0,0.000000,-0.003063,0,0
pre_rest,1600.0,-0.003120,-0.002963,0,0
pre_rest,1700.0,-0.003115,-0.002963,0,0
pre_rest,1800.0,-0.003101,-0.002963,0,0
pre_rest,1900.0,-0.003096,-0.002963,0,0
pre_rest,2000.0,0.000000,-0.002963,0,0
pre_rest,2100.0,0.000000,-0.002963,0,0
pre_rest,2200.0,-0.003096,-0.002963,0,0
pre_rest,2300.0,0.000000,-0.002963,0,0
pre_rest,2400.0,0.000000,-0.002963,0,0
pre_rest,2500.0,0.000000,-0.002963,0,0
pre_rest,2600.0,-0.003106,-0.002981,0,0
pre_rest,2700.0,0.000000,-0.003021,0,0
pre_rest,2800.0,0.000000,-0.002963,0,0
pre_rest,2900.0,0.000000,-0.002963,0,0
pre_rest,3000.0,0.000000,-0.002963,0,0
pre_rest,3100.0,0.000000,-0.002963,0,0
pre_rest,3200.0,0.000000,-0.002963,0,0
pre_rest,3300.0,0.000000,-0.002959,0,0
pre_rest,3400.0,0.000000,-0.002963,0,0
pre_rest,3500.0,0.000000,-0.003044,0,0
pre_rest,3600.0,0.000000,-0.002963,0,0
pre_rest,3700.0,0.000000,-0.002967,0,0
pre_rest,3800.0,-0.003063,-0.002963,0,0
pre_rest,3900.0,-0.003091,-0.002967,0,0
pre_rest,4000.0,0.000000,-0.002959,0,0
pre_rest,4100.0,0.000000,-0.002959,0,0
pre_rest,4200.0,0.000000,-0.002963,0,0
pre_rest,4300.0,0.000000,-0.002967,0,0
pre_rest,4400.0,0.000000,-0.002976,0,0
pre_rest,4500.0,0.000000,-0.003125,0,0
pre_rest,4600.0,0.000000,-0.002990,0,0
pre_rest,4700.0,0.000000,-0.002981,0,0
pre_rest,4800.0,0.000000,-0.003106,0,0
pre_rest,4900.0,0.000000,-0.003035,0,0
pre_rest,5000.0,0.000000,-0.003039,0,0
pre_rest,5100.0,0.000000,-0.003096,0,0
pre_rest,5200.0,0.000000,-0.003125,0,0
pre_rest,5300.0,0.000000,-0.003030,0,0
pre_rest,5400.0,0.000000,-0.003077,0,0
pre_rest,5500.0,0.000000,-0.003030,0,0
pre_rest,5600.0,0.000000,-0.003236,0,0
pre_rest,5700.0,0.000000,-0.003140,0,0
pre_rest,5800.0,0.000000,-0.002998,0,0
pre_rest,5900.0,0.000000,-0.002998,0,0
pre_rest,6000.0,0.000000,-0.003284,0,0
pre_rest,6100.0,0.000000,-0.012820,0,0
pre_rest,6200.0,0.000000,-0.002998,0,0
pre_rest,6300.0,0.000000,-0.006051,0,0
pre_rest,6400.0,0.000000,-0.003091,0,0
pre_rest,6500.0,0.000000,-0.003030,0,0
pre_rest,6600.0,0.000000,-0.006400,0,0
pre_rest,6700.0,0.000000,-0.003221,0,0
pre_rest,6800.0,0.000000,-0.003115,0,0
pre_rest,6900.0,0.000000,-0.003205,0,0
pre_rest,7000.0,0.000000,-0.003012,0,0
pre_rest,7100.0,0.000000,-0.003026,0,0
pre_rest,7200.0,0.000000,-0.003026,0,0
pre_rest,7300.0,0.000000,-0.003012,0,0
pre_rest,7400.0,0.000000,-0.003026,0,0
pre_rest,7500.0,0.000000,-0.003026,0,0
pre_rest,7600.0,0.000000,-0.003026,0,0
pre_rest,7700.0,0.000000,-0.003125,0,0
pre_rest,7800.0,0.000000,-0.003175,0,0
pre_rest,7900.0,0.000000,-0.004535,0,0
pre_rest,8000.0,0.000000,-0.003026,0,0
pre_rest,8100.0,0.000000,-0.003150,0,0
pre_rest,8200.0,0.000000,-0.003021,0,0
pre_rest,8300.0,0.000000,-0.003026,0,0
pre_rest,8400.0,0.000000,-0.003026,0,0
pre_rest,8500.0,0.000000,-0.003120,0,0
pre_rest,8600.0,0.000000,-0.003115,0,0
pre_rest,8700.0,0.000000,-0.003012,0,0
pre_rest,8800.0,0.000000,-0.002981,0,0
pre_rest,8900.0,0.000000,-0.002998,0,0
pre_rest,9000.0,0.000000,-0.003012,0,0
pre_rest,9100.0,0.000000,-0.003012,0,0
pre_rest,9200.0,0.000000,-0.003021,0,0
pre_rest,9300.0,0.000000,-0.003205,0,0
pre_rest,9400.0,0.000000,-0.003527,0,0
pre_rest,9500.0,0.000000,-0.003160,0,0
pre_rest,9600.0,0.000000,-0.012500,0,0
pre_rest,9700.0,0.000000,-0.003200,0,0
pre_rest,9800.0,0.000000,-0.003165,0,0
pre_rest,9900.0,0.000000,-0.003026,0,0
pre_rest,10000.0,0.000000,-0.003017,0,0
pre_rest,10100.0,0.000000,-0.003008,0,0
pre_rest,10200.0,0.000000,-0.003008,0,0
pre_rest,10300.0,0.000000,-0.003115,0,0
pre_rest,10400.0,0.000000,-0.003017,0,0
pre_rest,10500.0,0.000000,-0.003008,0,0
pre_rest,10600.0,0.000000,-0.006024,0,0
pre_rest,10700.0,0.000000,-0.006144,0,0
pre_rest,10800.0,0.000000,-0.003175,0,0
pre_rest,10900.0,0.000000,-0.003017,0,0
pre_rest,11000.0,0.000000,-0.003150,0,0
pre_rest,11100.0,0.000000,-0.003155,0,0
pre_rest,11200.0,0.000000,-0.003017,0,0
pre_rest,11300.0,0.000000,-0.003165,0,0
pre_rest,11400.0,0.000000,-0.003165,0,0
pre_rest,11500.0,0.000000,-0.003008,0,0
pre_rest,11600.0,0.000000,-0.003135,0,0
pre_rest,11700.0,-0.003175,-0.012820,0,0
pre_rest,11800.0,0.000000,-0.008969,0,0
pre_rest,11900.0,-0.003200,-0.003185,0,0
pre_rest,12000.0,-0.003120,-0.003067,0,0
pre_rest,12100.0,-0.003200,-0.003049,0,0
pre_rest,12200.0,-0.003155,-0.003017,0,0
pre_rest,12300.0,-0.003160,-0.003135,0,0
pre_rest,12400.0,0.000000,-0.003110,0,0
pre_rest,12500.0,0.000000,-0.003017,0,0
pre_rest,12600.0,-0.003140,-0.003008,0,0
pre_rest,12700.0,-0.003101,-0.003044,0,0
pre_rest,12800.0,0.000000,-0.003017,0,0
pre_rest,12900.0,-0.003891,-0.003008,0,0
pre_rest,13000.0,-0.003058,-0.002972,0,0
pre_rest,13100.0,0.000000,-0.002963,0,0
pre_rest,13200.0,0.000000,-0.003053,0,0
pre_rest,13300.0,0.000000,-0.002963,0,0
pre_rest,13400.0,0.000000,-0.002963,0,0
pre_rest,13500.0,0.000000,-0.002990,0,0
pre_rest,13600.0,0.000000,-0.002990,0,0
pre_rest,13700.0,0.000000,-0.003017,0,0
pre_rest,13800.0,0.000000,-0.003472,0,0
pre_rest,13900.0,0.000000,-0.003021,0,0
pre_rest,14000.0,0.000000,-0.003021,0,0
pre_rest,14100.0,0.000000,-0.003120,0,0
pre_rest,14200.0,0.000000,-0.003017,0,0
pre_rest,14300.0,0.000000,-0.003021,0,0
pre_rest,14400.0,-0.003030,-0.003130,0,0
pre_rest,14500.0,0.000000,-0.012820,0,0
pre_rest,14600.0,0.000000,-0.012820,0,0
pre_rest,14700.0,0.000000,-0.003021,0,0
pre_rest,14800.0,-0.003135,-0.003165,0,0
pre_rest,14900.0,-0.003044,-0.003044,0,0
pre_rest,15000.0,-0.002985,-0.002972,0,0
pre_rest,15100.0,-0.003039,-0.003135,0,0
pre_rest,15200.0,0.000000,-0.003115,0,0
pre_rest,15300.0,0.000000,-0.002985,0,0
pre_rest,15400.0,0.000000,-0.002985,0,0
pre_rest,15500.0,0.000000,-0.003021,0,0
pre_rest,15600.0,0.000000,-0.003160,0,0
pre_rest,15700.0,0.000000,-0.002990,0,0
pre_rest,15800.0,0.000000,-0.002990,0,0
pre_rest,15900.0,0.000000,-0.002963,0,0
pre_rest,16000.0,0.000000,-0.003003,0,0
pre_rest,16100.0,0.000000,-0.003165,0,0
pre_rest,16200.0,-0.003135,-0.003185,0,0
pre_rest,16300.0,0.000000,-0.003053,0,0
pre_rest,16400.0,0.000000,-0.003160,0,0
pre_rest,16500.0,0.000000,-0.003017,0,0
pre_rest,16600.0,0.000000,-0.005348,0,0
pre_rest,16700.0,0.000000,-0.003017,0,0
pre_rest,16800.0,0.000000,-0.003039,0,0
pre_rest,16900.0,-0.003077,-0.003170,0,0
pre_rest,17000.0,0.000000,-0.003021,0,0
pre_rest,17100.0,0.000000,-0.003017,0,0
pre_rest,17200.0,0.000000,-0.003017,0,0
pre_rest,17300.0,0.000000,-0.003012,0,0
pre_rest,17400.0,0.000000,-0.003110,0,0
pre_rest,17500.0,0.000000,-0.003155,0,0
pre_rest,17600.0,0.000000,-0.003044,0,0
pre_rest,17700.0,0.000000,-0.003067,0,0
pre_rest,17800.0,-0.003053,-0.003026,0,0
pre_rest,17900.0,0.000000,-0.003125,0,0
pre_rest,18000.0,-0.003067,-0.003026,0,0
pre_rest,18100.0,0.000000,-0.003106,0,0
pre_rest,18200.0,0.000000,-0.012820,0,0
pre_rest,18300.0,-0.003039,-0.003021,0,0
pre_rest,18400.0,0.000000,-0.003021,0,0
pre_rest,18500.0,0.000000,-0.003021,0,0
pre_rest,18600.0,0.000000,-0.003012,0,0
pre_rest,18700.0,0.000000,-0.003012,0,0
pre_rest,18800.0,0.000000,-0.012820,0,0
pre_rest,18900.0,0.000000,-0.003322,0,0
pre_rest,19000.0,0.000000,-0.003096,0,0
pre_rest,19100.0,0.000000,-0.003130,0,0
pre_rest,19200.0,0.000000,-0.002985,0,0
pre_rest,19300.0,0.000000,-0.003008,0,0
pre_rest,19400.0,0.000000,-0.003017,0,0
pre_rest,19500.0,0.000000,-0.003017,0,0
pre_rest,19600.0,0.000000,-0.003150,0,0
pre_rest,19700.0,0.000000,-0.002990,0,0
pre_rest,19800.0,0.000000,-0.003017,0,0
pre_rest,19900.0,0.000000,-0.003021,0,0
pre_rest,20000.0,0.000000,-0.003017,0,0
pulse,20100.0,0.009174,-0.015244,3,-4
pulse,20200.0,0.033639,-0.024691,12,-7
pulse,20300.0,0.021841,-0.034646,10,-10
pulse,20400.0,0.018293,-0.027439,8,-8
pulse,20500.0,0.009009,-0.017991,5,-5
pulse,20600.0,0.012638,-0.009820,5,-2
pulse,20700.0,0.016772,-0.012195,6,-3
pulse,20800.0,0.020958,-0.024024,8,-8
pulse,20900.0,0.018321,-0.027523,10,-8
pulse,21000.0,0.024845,-0.019169,10,-6
pulse,21100.0,0.021342,-0.019576,9,-4
pulse,21200.0,0.015798,-0.051282,9,-4
pulse,21300.0,0.017991,-0.021148,9,-6
pulse,21400.0,0.012599,-0.027481,9,-8
pulse,21500.0,0.015015,-0.024206,9,-7
pulse,21600.0,0.020864,-0.014948,10,-4
pulse,21700.0,0.021277,-0.015601,10,-4
pulse,21800.0,0.020710,-0.024206,10,-8
pulse,21900.0,0.021021,-0.030075,10,-9
pulse,22000.0,0.017964,-0.018321,10,-6
pulse,22100.0,0.012103,-0.020583,9,-5
pulse,22200.0,0.015015,-0.024169,9,-7
pulse,22300.0,0.021084,-0.024465,10,-7
pulse,22400.0,0.018209,-0.018349,10,-5
pulse,22500.0,0.015129,-0.018576,10,-5
pulse,22600.0,0.018018,-0.015314,9,-5
pulse,22700.0,0.010563,-0.021692,9,-6
pulse,22800.0,0.020618,-0.038462,11,-6
pulse,22900.0,0.021277,-0.021374,11,-6
pulse,23000.0,0.009317,-0.022400,9,-6
pulse,23100.0,0.009119,-0.021407,8,-6
pulse,23200.0,0.009390,-0.022544,9,-6
pulse,23300.0,0.015723,-0.022544,11,-6
pulse,23400.0,0.018809,-0.019449,11,-5
pulse,23500.0,0.015060,-0.024169,8,-7
pulse,23600.0,0.025078,-0.064103,8,-6
pulse,23700.0,0.034483,-0.089744,11,-6
pulse,23800.0,0.015699,-0.022801,10,-6
pulse,23900.0,0.012177,-0.015290,9,-5
pulse,24000.0,0.018265,-0.018349,11,-5
pulse,24100.0,0.015221,-0.018405,10,-6
pulse,24200.0,0.012346,-0.038462,9,-9
pulse,24300.0,0.021342,-0.027650,10,-9
pulse,24400.0,0.026087,-0.022364,10,-7
pulse,24500.0,0.018405,-0.012442,10,-4
pulse,24600.0,0.025862,-0.019737,10,-7
pulse,24700.0,0.015314,-0.089744,9,-8
pulse,24800.0,0.012048,-0.021309,9,-6
pulse,24900.0,0.018898,-0.015361,10,-5
pulse,25000.0,0.021180,-0.018293,11,-5
pulse,25100.0,0.015674,-0.019293,11,-5
pulse,25200.0,0.018662,-0.018321,9,-6
pulse,25300.0,0.018692,-0.021374,9,-6
pulse,25400.0,0.015267,-0.021875,9,-7
pulse,25500.0,0.017964,-0.018377,9,-6
pulse,25600.0,0.021277,-0.015408,12,-6
pulse,25700.0,0.021277,-0.018519,11,-6
pulse,25800.0,0.018265,-0.021705,11,-6
pulse,25900.0,0.015650,-0.021309,10,-6
pulse,26000.0,0.021180,-0.018237,11,-5
pulse,26100.0,0.012195,-0.015432,11,-5
pulse,26200.0,0.018321,-0.015625,12,-6
pulse,26300.0,0.019386,-0.023774,12,-8
pulse,26400.0,0.021148,-0.027027,12,-9
pulse,26500.0,0.018154,-0.018265,12,-6
pulse,26600.0,0.018779,-0.015674,12,-5
pulse,26700.0,0.021148,-0.024961,12,-8
pulse,26800.0,0.020895,-0.021472,12,-7
pulse,26900.0,0.018182,-0.017725,11,-5
pulse,27000.0,0.017804,-0.020741,11,-6
pulse,27100.0,0.020710,-0.020679,12,-6
pulse,27200.0,0.020833,-0.020679,12,-6
pulse,27300.0,0.020802,-0.020710,12,-6
pulse,27400.0,0.020802,-0.017804,12,-6
pulse,27500.0,0.017751,-0.017804,11,-6
pulse,27600.0,0.014859,-0.023774,11,-9
pulse,27700.0,0.024206,-0.026627,13,-8
pulse,27800.0,0.020710,-0.021021,12,-6
pulse,27900.0,0.017751,-0.017751,11,-5
pulse,28000.0,0.017831,-0.017778,11,-5
pulse,28100.0,0.020710,-0.023669,12,-7
pulse,28200.0,0.023669,-0.020679,13,-6
pulse,28300.0,0.018182,-0.017831,11,-5
pulse,28400.0,0.020710,-0.017751,12,-5
pulse,28500.0,0.020833,-0.023669,12,-7
pulse,28600.0,0.017884,-0.017857,11,-6
pulse,28700.0,0.020833,-0.024428,12,-8
pulse,28800.0,0.021672,-0.021572,12,-7
pulse,28900.0,0.017831,-0.017804,12,-6
pulse,29000.0,0.017804,-0.017831,11,-5
pulse,29100.0,0.017804,-0.012214,11,-6
pulse,29200.0,0.018461,-0.022047,11,-7
pulse,29300.0,0.023739,-0.017831,13,-8
pulse,29400.0,0.020772,-0.020741,12,-7
pulse,29500.0,0.020772,-0.014881,12,-6
pulse,29600.0,0.020772,-0.017857,12,-6
pulse,29700.0,0.017804,-0.020710,11,-6
pulse,29800.0,0.020895,-0.017884,12,-6
pulse,29900.0,0.020772,-0.020741,12,-6
pulse,30000.0,0.020772,-0.020741,12,-6
post_rest,30100.0,0.020772,-0.020679,0,0
post_rest,30200.0,0.017804,-0.017778,0,0
post_rest,30300.0,0.014815,-0.020710,0,0
post_rest,30400.0,0.014815,-0.020679,0,0
post_rest,30500.0,0.014815,-0.020710,0,0
post_rest,30600.0,0.014815,-0.020710,0,0
post_rest,30700.0,0.014815,-0.020864,0,0
post_rest,30800.0,0.014815,-0.020710,0,0
post_rest,30900.0,0.014815,-0.020679,0,0
post_rest,31000.0,0.014815,-0.020802,0,0
post_rest,31100.0,0.014815,-0.020802,0,0
post_rest,31200.0,0.014815,-0.020802,0,0
post_rest,31300.0,0.014815,-0.014881,0,0
post_rest,31400.0,0.014859,-0.015198,0,0
post_rest,31500.0,0.014948,-0.014903,0,0
post_rest,31600.0,0.014859,-0.017857,0,0
post_rest,31700.0,0.014925,-0.011940,0,0
post_rest,31800.0,0.015152,-0.015504,0,0
post_rest,31900.0,0.012270,-0.015823,0,0
post_rest,32000.0,0.025751,-0.037037,0,0
post_rest,32100.0,0.014881,-0.017831,0,0
post_rest,32200.0,0.015083,-0.017991,0,0
post_rest,32300.0,0.014948,-0.018209,0,0
post_rest,32400.0,0.015174,-0.017910,0,0
post_rest,32500.0,0.014837,-0.017831,0,0
post_rest,32600.0,0.014771,-0.017751,0,0
post_rest,32700.0,0.014837,-0.017751,0,0
post_rest,32800.0,0.014837,-0.014881,0,0
post_rest,32900.0,0.014837,-0.017857,0,0
post_rest,33000.0,0.014771,-0.017751,0,0
post_rest,33100.0,0.014771,-0.017751,0,0
post_rest,33200.0,0.014815,-0.014815,0,0
post_rest,33300.0,0.014793,-0.017751,0,0
post_rest,33400.0,0.014771,-0.017751,0,0
post_rest,33500.0,0.014771,-0.012251,0,0
post_rest,33600.0,0.014771,-0.017884,0,0
post_rest,33700.0,0.011817,-0.017857,0,0
post_rest,33800.0,0.011852,-0.014837,0,0
post_rest,33900.0,0.011869,-0.017751,0,0
post_rest,34000.0,0.011817,-0.017751,0,0
post_rest,34100.0,0.011817,-0.017831,0,0
post_rest,34200.0,0.011817,-0.017751,0,0
post_rest,34300.0,0.011817,-0.017751,0,0
post_rest,34400.0,0.011817,-0.014815,0,0
post_rest,34500.0,0.011817,-0.017831,0,0
post_rest,34600.0,0.011817,-0.014815,0,0
post_rest,34700.0,0.011817,-0.017751,0,0
post_rest,34800.0,0.011817,-0.014881,0,0
post_rest,34900.0,0.011817,-0.017751,0,0
post_rest,35000.0,0.011817,-0.018721,0,0
post_rest,35100.0,0.011817,-0.018377,0,0
post_rest,35200.0,0.011817,-0.014815,0,0
post_rest,35300.0,0.011817,-0.017751,0,0
post_rest,35400.0,0.011817,-0.017751,0,0
post_rest,35500.0,0.011817,-0.018692,0,0
post_rest,35600.0,0.011817,-0.017751,0,0
post_rest,35700.0,0.011817,-0.017751,0,0
post_rest,35800.0,0.011817,-0.017751,0,0
post_rest,35900.0,0.011817,-0.017751,0,0
post_rest,36000.0,0.012289,-0.018321,0,0
post_rest,36100.0,0.011905,-0.017751,0,0
post_rest,36200.0,0.011817,-0.017751,0,0
post_rest,36300.0,0.011817,-0.017751,0,0
post_rest,36400.0,0.011817,-0.017751,0,0
post_rest,36500.0,0.011817,-0.017751,0,0
post_rest,36600.0,0.011817,-0.017751,0,0
post_rest,36700.0,0.011852,-0.017751,0,0
post_rest,36800.0,0.011817,-0.017751,0,0
post_rest,36900.0,0.011852,-0.017751,0,0
post_rest,37000.0,0.011852,-0.017751,0,0
post_rest,37100.0,0.011817,-0.017751,0,0
post_rest,37200.0,0.011817,-0.017751,0,0
post_rest,37300.0,0.011817,-0.017751,0,0
post_rest,37400.0,0.011852,-0.017778,0,0
post_rest,37500.0,0.011852,-0.017751,0,0
post_rest,37600.0,0.011834,-0.017751,0,0
post_rest,37700.0,0.011817,-0.017751,0,0
post_rest,37800.0,0.011834,-0.017751,0,0
post_rest,37900.0,0.008889,-0.014837,0,0
post_rest,38000.0,0.008889,-0.017751,0,0
post_rest,38100.0,0.011834,-0.017751,0,0
post_rest,38200.0,0.011817,-0.017751,0,0
post_rest,38300.0,0.011852,-0.017751,0,0
post_rest,38400.0,0.011852,-0.017751,0,0
post_rest,38500.0,0.008876,-0.017751,0,0
post_rest,38600.0,0.008876,-0.017751,0,0
post_rest,38700.0,0.008876,-0.017751,0,0
post_rest,38800.0,0.011887,-0.017751,0,0
post_rest,38900.0,0.011817,-0.017751,0,0
post_rest,39000.0,0.011817,-0.017751,0,0
post_rest,39100.0,0.011940,-0.017751,0,0
post_rest,39200.0,0.011852,-0.017751,0,0
post_rest,39300.0,0.011817,-0.017751,0,0
post_rest,39400.0,0.011852,-0.017751,0,0
post_rest,39500.0,0.011852,-0.014837,0,0
post_rest,39600.0,0.011852,-0.017751,0,0
post_rest,39700.0,0.011852,-0.014815,0,0
post_rest,39800.0,0.011817,-0.014815,0,0
post_rest,39900.0,0.011852,-0.017884,0,0
post_rest,40000.0,0.011817,-0.017751,0,0
post_rest,40100.0,0.011817,-0.017751,0,0
post_rest,40200.0,0.011817,-0.014815,0,0
post_rest,40300.0,0.011817,-0.014815,0,0
post_rest,40400.0,0.011834,-0.017751,0,0
post_rest,40500.0,0.011852,-0.017751,0,0
post_rest,40600.0,0.011905,-0.017778,0,0
post_rest,40700.0,0.011852,-0.017751,0,0
post_rest,40800.0,0.011817,-0.017751,0,0
post_rest,40900.0,0.011852,-0.017751,0,0
post_rest,41000.0,0.011887,-0.017778,0,0
post_rest,41100.0,0.011852,-0.017751,0,0
post_rest,41200.0,0.011834,-0.018100,0,0
post_rest,41300.0,0.008902,-0.017778,0,0
post_rest,41400.0,0.008902,-0.017751,0,0
post_rest,41500.0,0.011869,-0.014815,0,0
post_rest,41600.0,0.011869,-0.017751,0,0
post_rest,41700.0,0.011852,-0.017751,0,0
post_rest,41800.0,0.011852,-0.017751,0,0
post_rest,41900.0,0.011852,-0.017751,0,0
post_rest,42000.0,0.011817,-0.017751,0,0
post_rest,42100.0,0.011940,-0.017751,0,0
post_rest,42200.0,0.011852,-0.017751,0,0
post_rest,42300.0,0.011852,-0.017751,0,0
post_rest,42400.0,0.011852,-0.017751,0,0
post_rest,42500.0,0.011834,-0.017751,0,0
post_rest,42600.0,0.011834,-0.017751,0,0
post_rest,42700.0,0.011834,-0.017751,0,0
post_rest,42800.0,0.011834,-0.017751,0,0
post_rest,42900.0,0.011834,-0.017751,0,0
post_rest,43000.0,0.011834,-0.017751,0,0
post_rest,43100.0,0.011834,-0.014815,0,0
post_rest,43200.0,0.011817,-0.014815,0,0
post_rest,43300.0,0.011834,-0.017751,0,0
post_rest,43400.0,0.011817,-0.017751,0,0
post_rest,43500.0,0.011817,-0.017751,0,0
post_rest,43600.0,0.011905,-0.017751,0,0
post_rest,43700.0,0.011852,-0.017751,0,0
post_rest,43800.0,0.011852,-0.017751,0,0
post_rest,43900.0,0.011817,-0.017751,0,0
post_rest,44000.0,0.011852,-0.017751,0,0
post_rest,44100.0,0.011817,-0.017751,0,0
post_rest,44200.0,0.011817,-0.017751,0,0
post_rest,44300.0,0.011852,-0.017751,0,0
post_rest,44400.0,0.011852,-0.017751,0,0
post_rest,44500.0,0.012084,-0.018462,0,0
post_rest,44600.0,0.011852,-0.017751,0,0
post_rest,44700.0,0.011817,-0.017751,0,0
post_rest,44800.0,0.011834,-0.017751,0,0
post_rest,44900.0,0.011817,-0.017751,0,0
post_rest,45000.0,0.011817,-0.017804,0,0
post_rest,45100.0,0.011817,-0.017751,0,0
post_rest,45200.0,0.011834,-0.017751,0,0
post_rest,45300.0,0.011817,-0.017778,0,0
post_rest,45400.0,0.011834,-0.017778,0,0
post_rest,45500.0,0.011817,-0.014815,0,0
post_rest,45600.0,0.011834,-0.014815,0,0
post_rest,45700.0,0.011834,-0.014837,0,0
post_rest,45800.0,0.011817,-0.017751,0,0
post_rest,45900.0,0.011834,-0.017831,0,0
post_rest,46000.0,0.011834,-0.018045,0,0
post_rest,46100.0,0.011817,-0.017804,0,0
post_rest,46200.0,0.011834,-0.017751,0,0
post_rest,46300.0,0.011834,-0.017751,0,0
post_rest,46400.0,0.011905,-0.017751,0,0
post_rest,46500.0,0.011834,-0.017751,0,0
post_rest,46600.0,0.011834,-0.017751,0,0
post_rest,46700.0,0.011817,-0.017751,0,0
post_rest,46800.0,0.012012,-0.017751,0,0
post_rest,46900.0,0.011834,-0.014859,0,0
post_rest,47000.0,0.011834,-0.014815,0,0
post_rest,47100.0,0.011834,-0.014815,0,0
post_rest,47200.0,0.008876,-0.014815,0,0
post_rest,47300.0,0.008876,-0.014815,0,0
post_rest,47400.0,0.008876,-0.014815,0,0
post_rest,47500.0,0.009231,-0.015244,0,0
post_rest,47600.0,0.008876,-0.014815,0,0
post_rest,47700.0,0.011817,-0.017751,0,0
post_rest,47800.0,0.008876,-0.017831,0,0
post_rest,47900.0,0.011817,-0.017751,0,0
post_rest,48000.0,0.011817,-0.017751,0,0
post_rest,48100.0,0.012177,-0.018462,0,0
post_rest,48200.0,0.011940,-0.017751,0,0
post_rest,48300.0,0.011958,-0.017751,0,0
post_rest,48400.0,0.011817,-0.017751,0,0
post_rest,48500.0,0.008876,-0.014815,0,0
post_rest,48600.0,0.011817,-0.014815,0,0
post_rest,48700.0,0.011817,-0.014815,0,0
post_rest,48800.0,0.009217,-0.012177,0,0
post_rest,48900.0,0.011817,-0.014815,0,0
post_rest,49000.0,0.011817,-0.014815,0,0
post_rest,49100.0,0.008876,-0.014815,0,0
post_rest,49200.0,0.011817,-0.014815,0,0
post_rest,49300.0,0.011817,-0.014815,0,0
post_rest,49400.0,0.008876,-0.014859,0,0
post_rest,49500.0,0.011817,-0.014815,0,0
post_rest,49600.0,0.009217,-0.015198,0,0
post_rest,49700.0,0.011817,-0.014815,0,0
post_rest,49800.0,0.011887,-0.014815,0,0
post_rest,49900.0,0.008876,-0.014815,0,0
post_rest,50000.0,0.011817,-0.014815,0,0
post_rest,50100.0,0.011869,-0.014815,0,0
post_rest,50200.0,0.011834,-0.014815,0,0
post_rest,50300.0,0.011817,-0.011869,0,0
post_rest,50400.0,0.011817,-0.014815,0,0
post_rest,50500.0,0.011817,-0.014815,0,0
post_rest,50600.0,0.011834,-0.012195,0,0
post_rest,50700.0,0.008863,-0.011869,0,0
post_rest,50800.0,0.008863,-0.014815,0,0
post_rest,50900.0,0.008863,-0.014815,0,0
post_rest,51000.0,0.008876,-0.014815,0,0
post_rest,51100.0,0.008876,-0.014815,0,0
post_rest,51200.0,0.008863,-0.014815,0,0
post_rest,51300.0,0.008863,-0.014837,0,0
post_rest,51400.0,0.008876,-0.014815,0,0
post_rest,51500.0,0.008889,-0.014815,0,0
post_rest,51600.0,0.008863,-0.014815,0,0
post_rest,51700.0,0.008863,-0.014815,0,0
post_rest,51800.0,0.008876,-0.014815,0,0
post_rest,51900.0,0.008876,-0.014837,0,0
post_rest,52000.0,0.008863,-0.011869,0,0
post_rest,52100.0,0.008863,-0.014815,0,0
post_rest,52200.0,0.008876,-0.014815,0,0
post_rest,52300.0,0.008863,-0.014815,0,0
post_rest,52400.0,0.009009,-0.008915,0,0
post_rest,52500.0,0.008863,-0.014815,0,0
post_rest,52600.0,0.006154,-0.015198,0,0
post_rest,52700.0,0.008863,-0.014815,0,0
post_rest,52800.0,0.008889,-0.014815,0,0
post_rest,52900.0,0.008902,-0.014815,0,0
post_rest,53000.0,0.008863,-0.014815,0,0
post_rest,53100.0,0.008863,-0.014815,0,0
post_rest,53200.0,0.008863,-0.014815,0,0
post_rest,53300.0,0.008876,-0.014815,0,0
post_rest,53400.0,0.008876,-0.014903,0,0
post_rest,53500.0,0.008889,-0.014815,0,0
post_rest,53600.0,0.009174,-0.012308,0,0
post_rest,53700.0,0.008876,-0.015129,0,0
post_rest,53800.0,0.008902,-0.014881,0,0
post_rest,53900.0,0.008889,-0.014815,0,0
post_rest,54000.0,0.008902,-0.014948,0,0
post_rest,54100.0,0.008942,-0.014881,0,0
post_rest,54200.0,0.008889,-0.015129,0,0
post_rest,54300.0,0.008889,-0.015015,0,0
post_rest,54400.0,0.009077,-0.014815,0,0
post_rest,54500.0,0.009119,-0.014925,0,0
post_rest,54600.0,0.008889,-0.014815,0,0
post_rest,54700.0,0.008876,-0.014815,0,0
post_rest,54800.0,0.008876,-0.014815,0,0
post_rest,54900.0,0.008889,-0.014815,0,0
post_rest,55000.0,0.008915,-0.014815,0,0
post_rest,55100.0,0.008863,-0.014815,0,0
post_rest,55200.0,0.008863,-0.014815,0,0
post_rest,55300.0,0.009146,-0.015083,0,0
post_rest,55400.0,0.008863,-0.015083,0,0
post_rest,55500.0,0.008863,-0.014815,0,0
post_rest,55600.0,0.008889,-0.015221,0,0
post_rest,55700.0,0.008863,-0.014815,0,0
post_rest,55800.0,0.003012,-0.015015,0,0
post_rest,55900.0,0.009036,-0.015408,0,0
post_rest,56000.0,0.008863,-0.014815,0,0
post_rest,56100.0,0.008863,-0.014815,0,0
post_rest,56200.0,0.008969,-0.012066,0,0
post_rest,56300.0,0.008876,-0.014815,0,0
post_rest,56400.0,0.009022,-0.011869,0,0
post_rest,56500.0,0.008876,-0.014837,0,0
post_rest,56600.0,0.008863,-0.014815,0,0
post_rest,56700.0,0.008889,-0.014815,0,0
post_rest,56800.0,0.008876,-0.014815,0,0
post_rest,56900.0,0.008889,-0.011869,0,0
post_rest,57000.0,0.008863,-0.014815,0,0
post_rest,57100.0,0.008889,-0.017751,0,0
post_rest,57200.0,0.008889,-0.017751,0,0
post_rest,57300.0,0.008863,-0.017751,0,0
post_rest,57400.0,0.008863,-0.017751,0,0
post_rest,57500.0,0.008863,-0.017751,0,0
post_rest,57600.0,0.008863,-0.017751,0,0
post_rest,57700.0,0.008863,-0.014815,0,0
post_rest,57800.0,0.008863,-0.014815,0,0
post_rest,57900.0,0.009063,-0.018519,0,0
post_rest,58000.0,0.008876,-0.014815,0,0
post_rest,58100.0,0.008863,-0.014815,0,0
post_rest,58200.0,0.008863,-0.014815,0,0
post_rest,58300.0,0.008889,-0.014815,0,0
post_rest,58400.0,0.008863,-0.011869,0,0
post_rest,58500.0,0.008863,-0.015221,0,0
post_rest,58600.0,0.009022,-0.014815,0,0
post_rest,58700.0,0.008863,-0.015198,0,0
post_rest,58800.0,0.008863,-0.008915,0,0
post_rest,58900.0,0.008876,-0.008915,0,0
post_rest,59000.0,0.008863,-0.014815,0,0
post_rest,59100.0,0.008863,-0.014815,0,0
post_rest,59200.0,0.008863,-0.014815,0,0
post_rest,59300.0,0.008876,-0.014815,0,0
post_rest,59400.0,0.009188,-0.011869,0,0
post_rest,59500.0,0.008876,-0.014815,0,0
post_rest,59600.0,0.008876,-0.015267,0,0
post_rest,59700.0,0.008863,-0.014815,0,0
post_rest,59800.0,0.008863,-0.014815,0,0
post_rest,59900.0,0.006024,-0.014815,0,0
post_rest,60000.0,0.005917,-0.014815,0,0
post_rest,60100.0,0.008863,-0.014815,0,0
post_rest,60200.0,0.005917,-0.014815,0,0
post_rest,60300.0,0.008863,-0.015129,0,0
post_rest,60400.0,0.008863,-0.014815,0,0
post_rest,60500.0,0.008863,-0.011869,0,0
post_rest,60600.0,0.008876,-0.011869,0,0
post_rest,60700.0,0.009009,-0.011869,0,0
post_rest,60800.0,0.008876,-0.014881,0,0
post_rest,60900.0,0.009022,-0.014815,0,0
post_rest,61000.0,0.008876,-0.015649,0,0
post_rest,61100.0,0.008876,-0.014881,0,0
post_rest,61200.0,0.008876,-0.015060,0,0
post_rest,61300.0,0.009077,-0.015504,0,0
post_rest,61400.0,0.008876,-0.015060,0,0
post_rest,61500.0,0.008876,-0.014815,0,0
post_rest,61600.0,0.008863,-0.014815,0,0
post_rest,61700.0,0.008863,-0.011869,0,0
post_rest,61800.0,0.008876,-0.014815,0,0
post_rest,61900.0,0.008955,-0.014815,0,0
post_rest,62000.0,0.008876,-0.014815,0,0
post_rest,62100.0,0.008876,-0.014815,0,0
post_rest,62200.0,0.008876,-0.014815,0,0
post_rest,62300.0,0.008876,-0.014903,0,0
post_rest,62400.0,0.008889,-0.014881,0,0
post_rest,62500.0,0.008955,-0.014881,0,0
post_rest,62600.0,0.009050,-0.015576,0,0
post_rest,62700.0,0.008889,-0.014881,0,0
post_rest,62800.0,0.008889,-0.014881,0,0
post_rest,62900.0,0.009091,-0.012618,0,0
post_rest,63000.0,0.008969,-0.015083,0,0
post_rest,63100.0,0.008955,-0.015083,0,0
post_rest,63200.0,0.009036,-0.015576,0,0
post_rest,63300.0,0.008889,-0.015060,0,0
post_rest,63400.0,0.008889,-0.015060,0,0
post_rest,63500.0,0.008889,-0.015060,0,0
post_rest,63600.0,0.008955,-0.015337,0,0
post_rest,63700.0,0.008955,-0.015408,0,0
post_rest,63800.0,0.008955,-0.015337,0,0
post_rest,63900.0,0.009174,-0.015361,0,0
post_rest,64000.0,0.009132,-0.015649,0,0
post_rest,64100.0,0.008982,-0.015337,0,0
post_rest,64200.0,0.008996,-0.015337,0,0
post_rest,64300.0,0.008876,-0.015060,0,0
post_rest,64400.0,0.008876,-0.012012,0,0
post_rest,64500.0,0.008863,-0.014815,0,0
post_rest,64600.0,0.008863,-0.014815,0,0
post_rest,64700.0,0.009091,-0.015432,0,0
post_rest,64800.0,0.008915,-0.014815,0,0
post_rest,64900.0,0.008876,-0.011869,0,0
post_rest,65000.0,0.008876,-0.015152,0,0
post_rest,65100.0,0.008929,-0.011994,0,0
post_rest,65200.0,0.008955,-0.011869,0,0
post_rest,65300.0,0.008876,-0.014815,0,0
post_rest,65400.0,0.008876,-0.014992,0,0
post_rest,65500.0,0.008876,-0.014815,0,0
post_rest,65600.0,0.008876,-0.014815,0,0
post_rest,65700.0,0.017241,-0.012480,0,0
post_rest,65800.0,0.008876,-0.014815,0,0
post_rest,65900.0,0.008889,-0.014815,0,0
post_rest,66000.0,0.008876,-0.014881,0,0
post_rest,66100.0,0.008889,-0.014815,0,0
post_rest,66200.0,0.008876,-0.014815,0,0
post_rest,66300.0,0.008915,-0.014948,0,0
post_rest,66400.0,0.008876,-0.015015,0,0
post_rest,66500.0,0.008876,-0.014815,0,0
post_rest,66600.0,0.008876,-0.014815,0,0
post_rest,66700.0,0.008902,-0.014815,0,0
post_rest,66800.0,0.008876,-0.014970,0,0
post_rest,66900.0,0.008876,-0.014815,0,0
post_rest,67000.0,0.008876,-0.014815,0,0
post_rest,67100.0,0.008876,-0.011869,0,0
post_rest,67200.0,0.008876,-0.014815,0,0
post_rest,67300.0,0.008876,-0.014815,0,0
post_rest,67400.0,0.008876,-0.015106,0,0
post_rest,67500.0,0.008915,-0.014881,0,0
post_rest,67600.0,0.008876,-0.014815,0,0
post_rest,67700.0,0.008876,-0.014815,0,0
post_rest,67800.0,0.008876,-0.014815,0,0
post_rest,67900.0,0.008876,-0.014815,0,0
post_rest,68000.0,0.008876,-0.014815,0,0
post_rest,68100.0,0.009036,-0.015385,0,0
post_rest,68200.0,0.008889,-0.014815,0,0
post_rest,68300.0,0.008876,-0.014815,0,0
post_rest,68400.0,0.008876,-0.011869,0,0
post_rest,68500.0,0.008876,-0.014815,0,0
post_rest,68600.0,0.008876,-0.014815,0,0
post_rest,68700.0,0.008876,-0.014815,0,0
post_rest,68800.0,0.006024,-0.014815,0,0
post_rest,68900.0,0.005917,-0.014815,0,0
post_rest,69000.0,0.008889,-0.014815,0,0
post_rest,69100.0,0.008889,-0.014815,0,0
post_rest,69200.0,0.009009,-0.014815,0,0
post_rest,69300.0,0.008863,-0.014815,0,0
post_rest,69400.0,0.008876,-0.014815,0,0
post_rest,69500.0,0.008876,-0.014815,0,0
post_rest,69600.0,0.008876,-0.014815,0,0
post_rest,69700.0,0.008876,-0.014815,0,0
post_rest,69800.0,0.008876,-0.014815,0,0
post_rest,69900.0,0.008876,-0.014815,0,0
post_rest,70000.0,0.008876,-0.015244,0,0
post_rest,70100.0,0.008876,-0.014815,0,0
post_rest,70200.0,0.008876,-0.015083,0,0
post_rest,70300.0,0.008876,-0.011869,0,0
post_rest,70400.0,0.008876,-0.014815,0,0
post_rest,70500.0,0.009036,-0.015385,0,0
post_rest,70600.0,0.008876,-0.014815,0,0
post_rest,70700.0,0.008876,-0.015106,0,0
post_rest,70800.0,0.008876,-0.015106,0,0
post_rest,70900.0,0.008876,-0.014815,0,0
post_rest,71000.0,0.008876,-0.014815,0,0
post_rest,71100.0,0.008876,-0.014815,0,0
post_rest,71200.0,0.008876,-0.015083,0,0
post_rest,71300.0,0.008876,-0.014815,0,0
post_rest,71400.0,0.008876,-0.014815,0,0
post_rest,71500.0,0.008876,-0.014815,0,0
post_rest,71600.0,0.008876,-0.015361,0,0
post_rest,71700.0,0.009022,-0.014815,0,0
post_rest,71800.0,0.008876,-0.014815,0,0
post_rest,71900.0,0.008889,-0.014815,0,0
post_rest,72000.0,0.008863,-0.014815,0,0
post_rest,72100.0,0.008876,-0.014815,0,0
post_rest,72200.0,0.009050,-0.009245,0,0
post_rest,72300.0,0.008876,-0.015106,0,0
post_rest,72400.0,0.008863,-0.014815,0,0
post_rest,72500.0,0.008863,-0.014815,0,0
post_rest,72600.0,0.008876,-0.015106,0,0
post_rest,72700.0,0.008876,-0.015106,0,0
post_rest,72800.0,0.008876,-0.015106,0,0
post_rest,72900.0,0.008876,-0.015083,0,0
post_rest,73000.0,0.008902,-0.014815,0,0
post_rest,73100.0,0.008876,-0.015083,0,0
post_rest,73200.0,0.008876,-0.015083,0,0
post_rest,73300.0,0.009022,-0.014815,0,0
post_rest,73400.0,0.008876,-0.015083,0,0
post_rest,73500.0,0.005917,-0.012066,0,0
post_rest,73600.0,0.005917,-0.015038,0,0
post_rest,73700.0,0.005917,-0.015432,0,0
post_rest,73800.0,0.005917,-0.015083,0,0
post_rest,73900.0,0.005917,-0.015083,0,0
post_rest,74000.0,0.005917,-0.014815,0,0
post_rest,74100.0,0.005917,-0.014815,0,0
post_rest,74200.0,0.005917,-0.014815,0,0
post_rest,74300.0,0.005917,-0.014881,0,0
post_rest,74400.0,0.005917,-0.014815,0,0
post_rest,74500.0,0.005917,-0.012066,0,0
post_rest,74600.0,0.006116,-0.015432,0,0
post_rest,74700.0,0.005926,-0.011922,0,0
post_rest,74800.0,0.005917,-0.014815,0,0
post_rest,74900.0,0.005917,-0.014881,0,0
post_rest,75000.0,0.005917,-0.015106,0,0
post_rest,75100.0,0.005917,-0.015083,0,0
post_rest,75200.0,0.005917,-0.014815,0,0
post_rest,75300.0,0.006052,-0.015432,0,0
post_rest,75400.0,0.005926,-0.015106,0,0
post_rest,75500.0,0.005926,-0.014815,0,0
post_rest,75600.0,0.006052,-0.015314,0,0
post_rest,75700.0,0.005970,-0.014815,0,0
post_rest,75800.0,0.005917,-0.014881,0,0
post_rest,75900.0,0.005917,-0.015129,0,0
post_rest,76000.0,0.006024,-0.015129,0,0
post_rest,76100.0,0.005917,-0.015129,0,0
post_rest,76200.0,0.005917,-0.014881,0,0
post_rest,76300.0,0.005917,-0.015129,0,0
post_rest,76400.0,0.005917,-0.015129,0,0
post_rest,76500.0,0.005917,-0.015129,0,0
post_rest,76600.0,0.005917,-0.014881,0,0
post_rest,76700.0,0.005917,-0.015152,0,0
post_rest,76800.0,0.005917,-0.015152,0,0
post_rest,76900.0,0.005917,-0.015152,0,0
post_rest,77000.0,0.005917,-0.015015,0,0
post_rest,77100.0,0.005917,-0.015152,0,0
post_rest,77200.0,0.005917,-0.015385,0,0
post_rest,77300.0,0.006173,-0.014903,0,0
post_rest,77400.0,0.005917,-0.015083,0,0
post_rest,77500.0,0.005917,-0.015175,0,0
post_rest,77600.0,0.005917,-0.015175,0,0
post_rest,77700.0,0.005926,-0.015175,0,0
post_rest,77800.0,0.005917,-0.015175,0,0
post_rest,77900.0,0.005917,-0.014903,0,0
post_rest,78000.0,0.005917,-0.014903,0,0
post_rest,78100.0,0.005917,-0.014903,0,0
post_rest,78200.0,0.005926,-0.014815,0,0
post_rest,78300.0,0.005926,-0.014903,0,0
post_rest,78400.0,0.005935,-0.014815,0,0
post_rest,78500.0,0.005926,-0.014903,0,0
post_rest,78600.0,0.005970,-0.014903,0,0
post_rest,78700.0,0.005917,-0.014903,0,0
post_rest,78800.0,0.005917,-0.014903,0,0
post_rest,78900.0,0.005926,-0.014903,0,0
post_rest,79000.0,0.006015,-0.012384,0,0
post_rest,79100.0,0.005917,-0.014903,0,0
post_rest,79200.0,0.005917,-0.014903,0,0
post_rest,79300.0,0.005917,-0.014815,0,0
post_rest,79400.0,0.005917,-0.014903,0,0
post_rest,79500.0,0.005917,-0.014815,0,0
post_rest,79600.0,0.005917,-0.011869,0,0
post_rest,79700.0,0.005917,-0.014815,0,0
post_rest,79800.0,0.005917,-0.011869,0,0
post_rest,79900.0,0.005917,-0.014837,0,0
post_rest,80000.0,0.005926,-0.015106,0,0
post_rest,80100.0,0.005926,-0.014815,0,0
post_rest,80200.0,0.005926,-0.014815,0,0
post_rest,80300.0,0.005926,-0.014815,0,0
post_rest,80400.0,0.005944,-0.014815,0,0
post_rest,80500.0,0.005926,-0.014815,0,0
post_rest,80600.0,0.005926,-0.014815,0,0
post_rest,80700.0,0.005952,-0.014815,0,0
post_rest,80800.0,0.005926,-0.014815,0,0
post_rest,80900.0,0.005926,-0.014815,0,0
post_rest,81000.0,0.005935,-0.014815,0,0
post_rest,81100.0,0.006024,-0.014815,0,0
post_rest,81200.0,0.005926,-0.014815,0,0
post_rest,81300.0,0.005926,-0.014815,0,0
post_rest,81400.0,0.006024,-0.014837,0,0
post_rest,81500.0,0.005926,-0.014815,0,0
post_rest,81600.0,0.005926,-0.011869,0,0
post_rest,81700.0,0.005926,-0.011869,0,0
post_rest,81800.0,0.005926,-0.009160,0,0
post_rest,81900.0,0.006033,-0.014815,0,0
post_rest,82000.0,0.005935,-0.015221,0,0
post_rest,82100.0,0.005935,-0.014815,0,0
post_rest,82200.0,0.005935,-0.014815,0,0
post_rest,82300.0,0.005926,-0.014815,0,0
post_rest,82400.0,0.005926,-0.014815,0,0
post_rest,82500.0,0.005935,-0.014815,0,0
post_rest,82600.0,0.006052,-0.015385,0,0
post_rest,82700.0,0.005926,-0.014859,0,0
post_rest,82800.0,0.005944,-0.014859,0,0
post_rest,82900.0,0.005926,-0.014859,0,0
post_rest,83000.0,0.005926,-0.014859,0,0
post_rest,83100.0,0.005926,-0.014815,0,0
post_rest,83200.0,0.005926,-0.014815,0,0
post_rest,83300.0,0.005926,-0.014859,0,0
post_rest,83400.0,0.005926,-0.014815,0,0
post_rest,83500.0,0.005944,-0.014859,0,0
post_rest,83600.0,0.005917,-0.014859,0,0
post_rest,83700.0,0.005997,-0.011869,0,0
post_rest,83800.0,0.005908,-0.014815,0,0
post_rest,83900.0,0.005917,-0.015038,0,0
post_rest,84000.0,0.005917,-0.014815,0,0
post_rest,84100.0,0.005908,-0.014815,0,0
post_rest,84200.0,0.005970,-0.014815,0,0
post_rest,84300.0,0.005917,-0.014815,0,0
post_rest,84400.0,0.005917,-0.014815,0,0
post_rest,84500.0,0.005970,-0.011887,0,0
post_rest,84600.0,0.005917,-0.011869,0,0
post_rest,84700.0,0.005917,-0.011869,0,0
post_rest,84800.0,0.005917,-0.014815,0,0
post_rest,84900.0,0.005917,-0.014859,0,0
post_rest,85000.0,0.006070,-0.011869,0,0
post_rest,85100.0,0.005917,-0.014815,0,0
post_rest,85200.0,0.005917,-0.014815,0,0
post_rest,85300.0,0.005917,-0.014903,0,0
post_rest,85400.0,0.005917,-0.014815,0,0
post_rest,85500.0,0.005917,-0.014815,0,0
post_rest,85600.0,0.005917,-0.014815,0,0
post_rest,85700.0,0.005917,-0.014815,0,0
post_rest,85800.0,0.007477,-0.015480,0,0
post_rest,85900.0,0.005917,-0.014815,0,0
post_rest,86000.0,0.005917,-0.014815,0,0
post_rest,86100.0,0.005917,-0.011869,0,0
post_rest,86200.0,0.005917,-0.012066,0,0
post_rest,86300.0,0.005917,-0.014815,0,0
post_rest,86400.0,0.005926,-0.014881,0,0
post_rest,86500.0,0.005917,-0.014881,0,0
post_rest,86600.0,0.005917,-0.014881,0,0
post_rest,86700.0,0.005917,-0.014881,0,0
post_rest,86800.0,0.005917,-0.014881,0,0
post_rest,86900.0,0.005917,-0.014881,0,0
post_rest,87000.0,0.005917,-0.014881,0,0
post_rest,87100.0,0.005917,-0.014881,0,0
post_rest,87200.0,0.005917,-0.014881,0,0
post_rest,87300.0,0.005917,-0.014881,0,0
post_rest,87400.0,0.006024,-0.014881,0,0
post_rest,87500.0,0.005917,-0.014859,0,0
post_rest,87600.0,0.005917,-0.014881,0,0
post_rest,87700.0,0.005952,-0.014815,0,0
post_rest,87800.0,0.002954,-0.014881,0,0
post_rest,87900.0,0.003012,-0.014881,0,0
post_rest,88000.0,0.002954,-0.014815,0,0
post_rest,88100.0,0.002954,-0.014881,0,0
post_rest,88200.0,0.002954,-0.011922,0,0
post_rest,88300.0,0.003007,-0.012480,0,0
post_rest,88400.0,0.002959,-0.011922,0,0
post_rest,88500.0,0.002954,-0.014815,0,0
post_rest,88600.0,0.002954,-0.014815,0,0
post_rest,88700.0,0.002959,-0.014815,0,0
post_rest,88800.0,0.005926,-0.014881,0,0
post_rest,88900.0,0.005926,-0.014815,0,0
post_rest,89000.0,0.002954,-0.014815,0,0
post_rest,89100.0,0.005917,-0.014815,0,0
post_rest,89200.0,0.005908,-0.014815,0,0
post_rest,89300.0,0.005917,-0.014815,0,0
post_rest,89400.0,0.002959,-0.014815,0,0
post_rest,89500.0,0.005917,-0.014815,0,0
post_rest,89600.0,0.002954,-0.014815,0,0
post_rest,89700.0,0.005917,-0.014815,0,0
post_rest,89800.0,0.005908,-0.014815,0,0
post_rest,89900.0,0.005917,-0.014815,0,0
post_rest,90000.0,0.005917,-0.014815,0,0
post_rest,90100.0,0.002950,-0.014815,0,0
post_rest,90200.0,0.002950,-0.011869,0,0
post_rest,90300.0,0.005908,-0.014815,0,0
post_rest,90400.0,0.002950,-0.014815,0,0
post_rest,90500.0,0.002950,-0.014815,0,0
post_rest,90600.0,0.005917,-0.014815,0,0
post_rest,90700.0,0.005908,-0.011869,0,0
post_rest,90800.0,0.005926,-0.015504,0,0
post_rest,90900.0,0.002950,-0.014815,0,0
post_rest,91000.0,0.002967,-0.014837,0,0
post_rest,91100.0,0.002950,-0.015528,0,0
post_rest,91200.0,0.002959,-0.014815,0,0
post_rest,91300.0,0.005908,-0.014815,0,0
post_rest,91400.0,0.005908,-0.014815,0,0
post_rest,91500.0,0.002950,-0.014815,0,0
post_rest,91600.0,0.006088,-0.015504,0,0
post_rest,91700.0,0.005908,-0.011869,0,0
post_rest,91800.0,0.002950,-0.014815,0,0
post_rest,91900.0,0.005908,-0.015083,0,0
post_rest,92000.0,0.005917,-0.011869,0,0
post_rest,92100.0,0.006079,-0.015649,0,0
post_rest,92200.0,0.002976,-0.015129,0,0
post_rest,92300.0,0.002994,-0.014881,0,0
post_rest,92400.0,0.005944,-0.014881,0,0
post_rest,92500.0,0.002963,-0.014859,0,0
post_rest,92600.0,0.002950,-0.014837,0,0
post_rest,92700.0,0.002950,-0.014815,0,0
post_rest,92800.0,0.005908,-0.015221,0,0
post_rest,92900.0,0.002959,-0.014815,0,0
post_rest,93000.0,0.006211,-0.012422,0,0
post_rest,93100.0,0.002959,-0.011869,0,0
post_rest,93200.0,0.002954,-0.011887,0,0
post_rest,93300.0,0.002954,-0.011869,0,0
post_rest,93400.0,0.002950,-0.014948,0,0
post_rest,93500.0,0.002950,-0.014948,0,0
post_rest,93600.0,0.002972,-0.011976,0,0
post_rest,93700.0,0.002950,-0.014948,0,0
post_rest,93800.0,0.002954,-0.012327,0,0
post_rest,93900.0,0.005917,-0.014970,0,0
post_rest,94000.0,0.002967,-0.014970,0,0
post_rest,94100.0,0.005917,-0.014837,0,0
post_rest,94200.0,0.002954,-0.014881,0,0
post_rest,94300.0,0.005917,-0.014837,0,0
post_rest,94400.0,0.005926,-0.014815,0,0
post_rest,94500.0,0.003012,-0.015504,0,0
post_rest,94600.0,0.002950,-0.014815,0,0
post_rest,94700.0,0.002954,-0.014837,0,0
post_rest,94800.0,0.005935,-0.014815,0,0
post_rest,94900.0,0.002959,-0.014837,0,0
post_rest,95000.0,0.002950,-0.014815,0,0
post_rest,95100.0,0.005944,-0.014837,0,0
post_rest,95200.0,0.005908,-0.014815,0,0
post_rest,95300.0,0.000000,-0.014859,0,0
post_rest,95400.0,0.000000,-0.014859,0,0
post_rest,95500.0,0.002967,-0.015083,0,0
post_rest,95600.0,0.002963,-0.014837,0,0
post_rest,95700.0,0.002967,-0.014837,0,0
post_rest,95800.0,0.005944,-0.014837,0,0
post_rest,95900.0,0.005944,-0.014837,0,0
post_rest,96000.0,0.005935,-0.014815,0,0
post_rest,96100.0,0.002985,-0.015361,0,0
post_rest,96200.0,0.002981,-0.014815,0,0
post_rest,96300.0,0.005908,-0.014815,0,0
post_rest,96400.0,0.002950,-0.015175,0,0
post_rest,96500.0,0.005908,-0.014815,0,0
post_rest,96600.0,0.002950,-0.014815,0,0
post_rest,96700.0,0.002950,-0.014815,0,0
post_rest,96800.0,0.003017,-0.015528,0,0
post_rest,96900.0,0.005908,-0.014815,0,0
post_rest,97000.0,0.002963,-0.015129,0,0
post_rest,97100.0,0.005908,-0.014815,0,0
post_rest,97200.0,0.002950,-0.014815,0,0
post_rest,97300.0,0.000000,-0.014815,0,0
post_rest,97400.0,0.002954,-0.011887,0,0
post_rest,97500.0,0.002950,-0.014815,0,0
post_rest,97600.0,0.005908,-0.014815,0,0
post_rest,97700.0,0.002950,-0.014815,0,0
post_rest,97800.0,0.000000,-0.014837,0,0
post_rest,97900.0,0.005926,-0.014815,0,0
post_rest,98000.0,0.002959,-0.014815,0,0
post_rest,98100.0,0.000000,-0.014815,0,0
post_rest,98200.0,0.002950,-0.014815,0,0
post_rest,98300.0,0.000000,-0.014815,0,0
post_rest,98400.0,0.003003,-0.015552,0,0
post_rest,98500.0,0.002950,-0.014815,0,0
post_rest,98600.0,0.002950,-0.014815,0,0
post_rest,98700.0,0.002950,-0.014815,0,0
post_rest,98800.0,0.002950,-0.014815,0,0
post_rest,98900.0,0.002950,-0.014970,0,0
post_rest,99000.0,0.002963,-0.014837,0,0
post_rest,99100.0,0.002950,-0.014815,0,0
post_rest,99200.0,0.003067,-0.012177,0,0
post_rest,99300.0,0.002950,-0.014815,0,0
post_rest,99400.0,0.002950,-0.014815,0,0
post_rest,99500.0,0.002950,-0.014815,0,0
post_rest,99600.0,0.002963,-0.011869,0,0
post_rest,99700.0,0.002950,-0.015198,0,0
post_rest,99800.0,0.002950,-0.014815,0,0
post_rest,99900.0,0.002954,-0.014815,0,0
post_rest,100000.0,0.002950,-0.014815,0,0
post_rest,100100.0,0.002950,-0.014992,0,0
post_rest,100200.0,0.002950,-0.014815,0,0
post_rest,100300.0,0.002967,-0.014859,0,0
post_rest,100400.0,0.002967,-0.015221,0,0
post_rest,100500.0,0.002967,-0.014837,0,0
post_rest,100600.0,0.002963,-0.014837,0,0
post_rest,100700.0,0.002959,-0.014903,0,0
post_rest,100800.0,0.002959,-0.014903,0,0
post_rest,100900.0,0.002950,-0.014815,0,0
post_rest,101000.0,0.002963,-0.014815,0,0
post_rest,101100.0,0.002963,-0.014815,0,0
post_rest,101200.0,0.002954,-0.014837,0,0
post_rest,101300.0,0.003063,-0.014815,0,0
post_rest,101400.0,0.002959,-0.014837,0,0
post_rest,101500.0,0.002950,-0.014815,0,0
post_rest,101600.0,0.002954,-0.014970,0,0
post_rest,101700.0,0.002950,-0.014815,0,0
post_rest,101800.0,0.003021,-0.015576,0,0
post_rest,101900.0,0.002950,-0.014815,0,0
post_rest,102000.0,0.002950,-0.014815,0,0
post_rest,102100.0,0.002950,-0.014815,0,0
post_rest,102200.0,0.002967,-0.014815,0,0
post_rest,102300.0,0.002950,-0.014815,0,0
post_rest,102400.0,0.002954,-0.011869,0,0
post_rest,102500.0,0.002950,-0.014815,0,0
post_rest,102600.0,0.003012,-0.014837,0,0
post_rest,102700.0,0.002954,-0.014837,0,0
post_rest,102800.0,0.002959,-0.011869,0,0
post_rest,102900.0,0.002959,-0.014815,0,0
post_rest,103000.0,0.002954,-0.014815,0,0
post_rest,103100.0,0.002950,-0.014815,0,0
post_rest,103200.0,0.002950,-0.014815,0,0
post_rest,103300.0,0.002950,-0.014815,0,0
post_rest,103400.0,0.002963,-0.014815,0,0
post_rest,103500.0,0.002959,-0.015060,0,0
post_rest,103600.0,0.002963,-0.014815,0,0
post_rest,103700.0,0.002950,-0.014815,0,0
post_rest,103800.0,0.002972,-0.014837,0,0
post_rest,103900.0,0.003030,-0.015456,0,0
post_rest,104000.0,0.002967,-0.014815,0,0
post_rest,104100.0,0.002967,-0.011869,0,0
post_rest,104200.0,0.002976,-0.012103,0,0
post_rest,104300.0,0.002967,-0.014815,0,0
post_rest,104400.0,0.002967,-0.015480,0,0
post_rest,104500.0,0.002967,-0.014815,0,0
post_rest,104600.0,0.002950,-0.014815,0,0
post_rest,104700.0,0.002967,-0.014815,0,0
post_rest,104800.0,0.002967,-0.014815,0,0
post_rest,104900.0,0.002967,-0.014815,0,0
post_rest,105000.0,0.002963,-0.014815,0,0
post_rest,105100.0,0.003003,-0.014881,0,0
post_rest,105200.0,0.003072,-0.015198,0,0
post_rest,105300.0,0.002972,-0.014815,0,0
post_rest,105400.0,0.002959,-0.014815,0,0
post_rest,105500.0,0.002959,-0.014815,0,0
post_rest,105600.0,0.002950,-0.014815,0,0
post_rest,105700.0,0.002963,-0.014815,0,0
post_rest,105800.0,0.002950,-0.014815,0,0
post_rest,105900.0,0.002963,-0.014815,0,0
post_rest,106000.0,0.002972,-0.014815,0,0
post_rest,106100.0,0.002963,-0.011869,0,0
post_rest,106200.0,0.002972,-0.014815,0,0
post_rest,106300.0,0.003017,-0.014815,0,0
post_rest,106400.0,0.002972,-0.014815,0,0
post_rest,106500.0,0.003063,-0.015175,0,0
post_rest,106600.0,0.002950,-0.014815,0,0
post_rest,106700.0,0.002999,-0.014815,0,0
post_rest,106800.0,0.002954,-0.014815,0,0
post_rest,106900.0,0.003017,-0.015456,0,0
post_rest,107000.0,0.002963,-0.014815,0,0
post_rest,107100.0,0.002959,-0.015129,0,0
post_rest,107200.0,0.002950,-0.015083,0,0
post_rest,107300.0,0.002950,-0.015083,0,0
post_rest,107400.0,0.002950,-0.015083,0,0
post_rest,107500.0,0.002963,-0.015083,0,0
post_rest,107600.0,0.002967,-0.015129,0,0
post_rest,107700.0,0.002967,-0.015083,0,0
post_rest,107800.0,0.002967,-0.015106,0,0
post_rest,107900.0,0.002967,-0.015083,0,0
post_rest,108000.0,0.002950,-0.015083,0,0
post_rest,108100.0,0.002967,-0.011869,0,0
post_rest,108200.0,0.002950,-0.014815,0,0
post_rest,108300.0,0.002950,-0.014815,0,0
post_rest,108400.0,0.002967,-0.014815,0,0
post_rest,108500.0,0.002967,-0.014815,0,0
post_rest,108600.0,0.002967,-0.014815,0,0
post_rest,108700.0,0.002990,-0.014881,0,0
post_rest,108800.0,0.002967,-0.014837,0,0
post_rest,108900.0,0.002967,-0.014837,0,0
post_rest,109000.0,0.002967,-0.014837,0,0
post_rest,109100.0,0.002963,-0.014837,0,0
post_rest,109200.0,0.002963,-0.014815,0,0
post_rest,109300.0,0.002963,-0.014815,0,0
post_rest,109400.0,0.002950,-0.014815,0,0
post_rest,109500.0,0.002985,-0.014815,0,0
post_rest,109600.0,0.002954,-0.011887,0,0
post_rest,109700.0,0.003035,-0.014815,0,0
post_rest,109800.0,0.002963,-0.014837,0,0
post_rest,109900.0,0.002950,-0.014881,0,0
post_rest,110000.0,0.002963,-0.014925,0,0
post_rest,110100.0,0.002963,-0.014925,0,0
post_rest,110200.0,0.003026,-0.014815,0,0
post_rest,110300.0,0.002954,-0.014815,0,0
post_rest,110400.0,0.002976,-0.015038,0,0
post_rest,110500.0,0.002963,-0.014815,0,0
post_rest,110600.0,0.002954,-0.011869,0,0
post_rest,110700.0,0.002954,-0.011869,0,0
post_rest,110800.0,0.002967,-0.012384,0,0
post_rest,110900.0,0.002963,-0.011869,0,0
post_rest,111000.0,0.002959,-0.014815,0,0
post_rest,111100.0,0.002954,-0.014815,0,0
post_rest,111200.0,0.002954,-0.014815,0,0
post_rest,111300.0,0.002967,-0.014815,0,0
post_rest,111400.0,0.002950,-0.014815,0,0
post_rest,111500.0,0.003049,-0.015083,0,0
post_rest,111600.0,0.002976,-0.015083,0,0
post_rest,111700.0,0.003017,-0.015504,0,0
post_rest,111800.0,0.002954,-0.011869,0,0
post_rest,111900.0,0.002950,-0.014815,0,0
post_rest,112000.0,0.002963,-0.014815,0,0
post_rest,112100.0,0.003017,-0.012422,0,0
post_rest,112200.0,0.002950,-0.011869,0,0
post_rest,112300.0,0.002950,-0.011869,0,0
post_rest,112400.0,0.002950,-0.011869,0,0
post_rest,112500.0,0.002963,-0.008915,0,0
post_rest,112600.0,0.002963,-0.011869,0,0
post_rest,112700.0,0.002963,-0.011869,0,0
post_rest,112800.0,0.002950,-0.011869,0,0
post_rest,112900.0,0.002950,-0.011869,0,0
post_rest,113000.0,0.002950,-0.011869,0,0
post_rest,113100.0,0.003063,-0.012177,0,0
post_rest,113200.0,0.002950,-0.012103,0,0
post_rest,113300.0,0.002950,-0.011869,0,0
post_rest,113400.0,0.002950,-0.014815,0,0
post_rest,113500.0,0.002950,-0.011869,0,0
post_rest,113600.0,0.002950,-0.011922,0,0
post_rest,113700.0,0.003058,-0.012158,0,0
post_rest,113800.0,0.003035,-0.015175,0,0
post_rest,113900.0,0.002950,-0.014815,0,0
post_rest,114000.0,0.002963,-0.014815,0,0
post_rest,114100.0,0.002963,-0.014837,0,0
post_rest,114200.0,0.002950,-0.014815,0,0
post_rest,114300.0,0.002950,-0.014925,0,0
post_rest,114400.0,0.002963,-0.015106,0,0
post_rest,114500.0,0.002963,-0.014837,0,0
post_rest,114600.0,0.002950,-0.014815,0,0
post_rest,114700.0,0.002963,-0.014815,0,0
post_rest,114800.0,0.002950,-0.014815,0,0
post_rest,114900.0,0.002954,-0.014815,0,0
post_rest,115000.0,0.002976,-0.014837,0,0
post_rest,115100.0,0.002963,-0.014837,0,0
post_rest,115200.0,0.002954,-0.011869,0,0
post_rest,115300.0,0.002963,-0.011887,0,0
post_rest,115400.0,0.002950,-0.014815,0,0
post_rest,115500.0,0.002950,-0.014815,0,0
post_rest,115600.0,0.002994,-0.014859,0,0
post_rest,115700.0,0.003082,-0.015244,0,0
post_rest,115800.0,0.002950,-0.014815,0,0
post_rest,115900.0,0.002963,-0.014837,0,0
post_rest,116000.0,0.002954,-0.014815,0,0
post_rest,116100.0,0.002950,-0.014815,0,0
post_rest,116200.0,0.002950,-0.014815,0,0
post_rest,116300.0,0.002963,-0.014859,0,0
post_rest,116400.0,0.002963,-0.011887,0,0
post_rest,116500.0,0.002963,-0.011869,0,0
post_rest,116600.0,0.002963,-0.014837,0,0
post_rest,116700.0,0.002954,-0.014815,0,0
post_rest,116800.0,0.002963,-0.014815,0,0
post_rest,116900.0,0.002963,-0.014815,0,0
post_rest,117000.0,0.002963,-0.014837,0,0
post_rest,117100.0,0.002950,-0.014815,0,0
post_rest,117200.0,0.002963,-0.014837,0,0
post_rest,117300.0,0.002950,-0.014815,0,0
post_rest,117400.0,0.003003,-0.015385,0,0
post_rest,117500.0,0.002967,-0.014837,0,0
post_rest,117600.0,0.002954,-0.014815,0,0
post_rest,117700.0,0.002954,-0.014815,0,0
post_rest,117800.0,0.002972,-0.014815,0,0
post_rest,117900.0,0.002999,-0.014815,0,0
post_rest,118000.0,0.002950,-0.011869,0,0
post_rest,118100.0,0.002963,-0.014837,0,0
post_rest,118200.0,0.002954,-0.014837,0,0
post_rest,118300.0,0.002950,-0.014815,0,0
post_rest,118400.0,0.002950,-0.014815,0,0
post_rest,118500.0,0.002981,-0.014837,0,0
post_rest,118600.0,0.002963,-0.014837,0,0
post_rest,118700.0,0.002963,-0.014837,0,0
post_rest,118800.0,0.002963,-0.014859,0,0
post_rest,118900.0,0.002954,-0.014815,0,0
post_rest,119000.0,0.003072,-0.015699,0,0
post_rest,119100.0,0.002954,-0.014815,0,0
post_rest,119200.0,0.002954,-0.014837,0,0
post_rest,119300.0,0.002950,-0.014815,0,0
post_rest,119400.0,0.002963,-0.014837,0,0
post_rest,119500.0,0.002954,-0.011887,0,0
post_rest,119600.0,0.002963,-0.012103,0,0
post_rest,119700.0,0.002963,-0.014837,0,0
post_rest,119800.0,0.002963,-0.014837,0,0
post_rest,119900.0,0.002963,-0.014837,0,0
post_rest,120000.0,0.002963,-0.014837,0,0
post_rest,120100.0,0.002963,-0.014837,0,0
post_rest,120200.0,0.002976,-0.014837,0,0
post_rest,120300.0,0.002954,-0.014815,0,0
post_rest,120400.0,0.002976,-0.014815,0,0
post_rest,120500.0,0.002963,-0.014837,0,0
post_rest,120600.0,0.002963,-0.014837,0,0
post_rest,120700.0,0.002950,-0.015106,0,0
post_rest,120800.0,0.002954,-0.014837,0,0
post_rest,120900.0,0.002963,-0.014837,0,0
post_rest,121000.0,0.002963,-0.014837,0,0
post_rest,121100.0,0.002950,-0.014815,0,0
post_rest,121200.0,0.002950,-0.014837,0,0
post_rest,121300.0,0.002954,-0.014837,0,0
post_rest,121400.0,0.002954,-0.014837,0,0
post_rest,121500.0,0.002950,-0.014837,0,0
post_rest,121600.0,0.002950,-0.014837,0,0
post_rest,121700.0,0.002954,-0.014837,0,0
post_rest,121800.0,0.002950,-0.014837,0,0
post_rest,121900.0,0.002954,-0.014837,0,0
post_rest,122000.0,0.002954,-0.014837,0,0
post_rest,122100.0,0.002954,-0.014837,0,0
post_rest,122200.0,0.002954,-0.014837,0,0
post_rest,122300.0,0.002950,-0.014815,0,0
post_rest,122400.0,0.002950,-0.014815,0,0
post_rest,122500.0,0.002954,-0.014837,0,0
post_rest,122600.0,0.002954,-0.014837,0,0
post_rest,122700.0,0.002950,-0.014837,0,0
post_rest,122800.0,0.002950,-0.014837,0,0
post_rest,122900.0,0.002950,-0.014815,0,0
post_rest,123000.0,0.002954,-0.014837,0,0
post_rest,123100.0,0.002954,-0.015129,0,0
post_rest,123200.0,0.002954,-0.014837,0,0
post_rest,123300.0,0.000000,-0.012365,0,0
post_rest,123400.0,0.002954,-0.008915,0,0
post_rest,123500.0,0.002954,-0.014815,0,0
post_rest,123600.0,0.002950,-0.008915,0,0
post_rest,123700.0,0.002950,-0.014837,0,0
post_rest,123800.0,0.002963,-0.014837,0,0
post_rest,123900.0,0.002950,-0.014815,0,0
post_rest,124000.0,0.002950,-0.014815,0,0
post_rest,124100.0,0.002950,-0.014815,0,0
post_rest,124200.0,0.002959,-0.011869,0,0
post_rest,124300.0,0.002950,-0.014815,0,0
post_rest,124400.0,0.000000,-0.014815,0,0
post_rest,124500.0,0.002950,-0.014815,0,0
post_rest,124600.0,0.002959,-0.014815,0,0
post_rest,124700.0,0.002950,-0.014815,0,0
post_rest,124800.0,0.002950,-0.014815,0,0
post_rest,124900.0,0.002976,-0.015432,0,0
post_rest,125000.0,0.003044,-0.014815,0,0
post_rest,125100.0,0.000000,-0.015198,0,0
post_rest,125200.0,0.000000,-0.015060,0,0
post_rest,125300.0,0.000000,-0.015528,0,0
post_rest,125400.0,0.000000,-0.015060,0,0
post_rest,125500.0,0.000000,-0.015060,0,0
post_rest,125600.0,0.000000,-0.012442,0,0
post_rest,125700.0,0.000000,-0.015060,0,0
post_rest,125800.0,0.000000,-0.015552,0,0
post_rest,125900.0,0.000000,-0.012066,0,0
post_rest,126000.0,0.000000,-0.015060,0,0
post_rest,126100.0,0.000000,-0.015823,0,0
post_rest,126200.0,0.000000,-0.012066,0,0
post_rest,126300.0,0.000000,-0.012066,0,0
post_rest,126400.0,0.000000,-0.012066,0,0
post_rest,126500.0,0.000000,-0.011869,0,0
post_rest,126600.0,0.000000,-0.011869,0,0
post_rest,126700.0,0.000000,-0.011869,0,0
post_rest,126800.0,0.000000,-0.011869,0,0
post_rest,126900.0,0.000000,-0.011869,0,0
post_rest,127000.0,0.000000,-0.012384,0,0
post_rest,127100.0,0.000000,-0.011869,0,0
post_rest,127200.0,0.000000,-0.011869,0,0
post_rest,127300.0,0.000000,-0.011869,0,0
post_rest,127400.0,0.000000,-0.011869,0,0
post_rest,127500.0,0.000000,-0.011869,0,0
post_rest,127600.0,0.000000,-0.011869,0,0
post_rest,127700.0,0.000000,-0.011869,0,0
post_rest,127800.0,0.000000,-0.011869,0,0
post_rest,127900.0,0.000000,-0.011869,0,0
post_rest,128000.0,0.000000,-0.011869,0,0
post_rest,128100.0,0.000000,-0.011869,0,0
post_rest,128200.0,0.000000,-0.008915,0,0
post_rest,128300.0,0.000000,-0.011887,0,0
post_rest,128400.0,0.000000,-0.011869,0,0
post_rest,128500.0,0.000000,-0.011869,0,0
post_rest,128600.0,0.000000,-0.011994,0,0
post_rest,128700.0,0.000000,-0.011869,0,0
post_rest,128800.0,0.000000,-0.011869,0,0
post_rest,128900.0,0.000000,-0.011887,0,0
post_rest,129000.0,0.000000,-0.011869,0,0
post_rest,129100.0,0.000000,-0.011869,0,0
post_rest,129200.0,0.000000,-0.011869,0,0
post_rest,129300.0,0.000000,-0.011887,0,0
post_rest,129400.0,0.000000,-0.012442,0,0
post_rest,129500.0,0.000000,-0.012442,0,0
post_rest,129600.0,0.000000,-0.012800,0,0
post_rest,129700.0,0.000000,-0.003160,0,0
post_rest,129800.0,0.000000,-0.012520,0,0
post_rest,129900.0,0.000000,-0.009331,0,0
post_rest,130000.0,0.000000,-0.012442,0,0
post_rest,130100.0,0.000000,-0.012461,0,0
post_rest,130200.0,0.000000,-0.012422,0,0
post_rest,130300.0,0.000000,-0.012442,0,0
post_rest,130400.0,0.000000,-0.026667,0,0
post_rest,130500.0,0.000000,-0.012442,0,0
post_rest,130600.0,0.000000,-0.012658,0,0
post_rest,130700.0,0.000000,-0.012678,0,0
post_rest,130800.0,0.000000,-0.012480,0,0
post_rest,130900.0,0.000000,-0.012638,0,0
post_rest,131000.0,0.000000,-0.012539,0,0
post_rest,131100.0,0.000000,-0.012759,0,0
post_rest,131200.0,0.000000,-0.012461,0,0
post_rest,131300.0,0.000000,-0.012719,0,0
post_rest,131400.0,0.000000,-0.012030,0,0
post_rest,131500.0,0.000000,-0.012012,0,0
post_rest,131600.0,0.000000,-0.011976,0,0
post_rest,131700.0,0.000000,-0.012698,0,0
post_rest,131800.0,0.000000,-0.018633,0,0
post_rest,131900.0,0.000000,-0.012012,0,0
post_rest,132000.0,0.000000,-0.012461,0,0
post_rest,132100.0,0.000000,-0.012012,0,0
post_rest,132200.0,0.000000,-0.009023,0,0
post_rest,132300.0,0.000000,-0.011994,0,0
post_rest,132400.0,0.000000,-0.011940,0,0
post_rest,132500.0,0.000000,-0.012012,0,0
post_rest,132600.0,0.000000,-0.012270,0,0
post_rest,132700.0,0.000000,-0.012384,0,0
post_rest,132800.0,0.000000,-0.012103,0,0
post_rest,132900.0,0.000000,-0.012103,0,0
post_rest,133000.0,0.000000,-0.012121,0,0
post_rest,133100.0,0.000000,-0.012461,0,0
post_rest,133200.0,0.000000,-0.012121,0,0
post_rest,133300.0,0.000000,-0.011994,0,0
post_rest,133400.0,0.000000,-0.011994,0,0
post_rest,133500.0,0.000000,-0.011994,0,0
post_rest,133600.0,0.000000,-0.024845,0,0
post_rest,133700.0,0.000000,-0.008982,0,0
post_rest,133800.0,0.000000,-0.012140,0,0
post_rest,133900.0,0.000000,-0.012251,0,0
post_rest,134000.0,0.000000,-0.012289,0,0
post_rest,134100.0,0.000000,-0.012214,0,0
post_rest,134200.0,0.000000,-0.012539,0,0
post_rest,134300.0,0.000000,-0.012012,0,0
post_rest,134400.0,0.000000,-0.012270,0,0
post_rest,134500.0,0.000000,-0.012618,0,0
post_rest,134600.0,0.000000,-0.012012,0,0
post_rest,134700.0,0.000000,-0.012270,0,0
post_rest,134800.0,0.000000,-0.011994,0,0
post_rest,134900.0,0.000000,-0.011994,0,0
post_rest,135000.0,0.000000,-0.009494,0,0
post_rest,135100.0,0.000000,-0.012066,0,0
post_rest,135200.0,0.000000,-0.012103,0,0
post_rest,135300.0,0.000000,-0.012121,0,0
post_rest,135400.0,0.000000,-0.011994,0,0
post_rest,135500.0,0.000000,-0.011940,0,0
post_rest,135600.0,0.000000,-0.012251,0,0
post_rest,135700.0,0.000000,-0.035556,0,0
post_rest,135800.0,0.000000,-0.012085,0,0
post_rest,135900.0,0.000000,-0.012177,0,0
post_rest,136000.0,0.000000,-0.012012,0,0
post_rest,136100.0,0.000000,-0.012480,0,0
post_rest,136200.0,0.000000,-0.012966,0,0
post_rest,136300.0,0.000000,-0.011994,0,0
post_rest,136400.0,0.000000,-0.009375,0,0
post_rest,136500.0,0.000000,-0.012559,0,0
post_rest,136600.0,0.000000,-0.012461,0,0
post_rest,136700.0,0.000000,-0.009404,0,0
post_rest,136800.0,0.000000,-0.012103,0,0
post_rest,136900.0,0.000000,-0.012346,0,0
post_rest,137000.0,0.000000,-0.012270,0,0
post_rest,137100.0,0.000000,-0.011994,0,0
post_rest,137200.0,0.000000,-0.012012,0,0
post_rest,137300.0,0.000000,-0.011994,0,0
post_rest,137400.0,0.000000,-0.006015,0,0
post_rest,137500.0,0.000000,-0.011994,0,0
post_rest,137600.0,0.000000,-0.018809,0,0
post_rest,137700.0,0.000000,-0.011994,0,0
post_rest,137800.0,0.000000,-0.011994,0,0
post_rest,137900.0,0.000000,-0.012461,0,0
post_rest,138000.0,0.000000,-0.012140,0,0
post_rest,138100.0,0.000000,-0.012158,0,0
post_rest,138200.0,0.000000,-0.012177,0,0
post_rest,138300.0,0.000000,-0.009146,0,0
post_rest,138400.0,0.000000,-0.012195,0,0
post_rest,138500.0,0.000000,-0.012442,0,0
post_rest,138600.0,0.000000,-0.012121,0,0
post_rest,138700.0,0.000000,-0.012461,0,0
post_rest,138800.0,0.000000,-0.012012,0,0
post_rest,138900.0,0.000000,-0.008996,0,0
post_rest,139000.0,0.000000,-0.011994,0,0
post_rest,139100.0,0.000000,-0.026667,0,0
post_rest,139200.0,0.000000,-0.012177,0,0
post_rest,139300.0,0.000000,-0.012158,0,0
post_rest,139400.0,0.000000,-0.013223,0,0
post_rest,139500.0,0.000000,-0.012103,0,0
post_rest,139600.0,0.000000,-0.035556,0,0
post_rest,139700.0,0.000000,-0.012820,0,0
post_rest,139800.0,0.000000,-0.009375,0,0
post_rest,139900.0,0.000000,-0.011994,0,0
post_rest,140000.0,0.000000,-0.035398,0,0
post_rest,140100.0,0.000000,-0.011940,0,0
post_rest,140200.0,0.000000,-0.012461,0,0
post_rest,140300.0,0.000000,-0.011994,0,0
post_rest,140400.0,0.000000,-0.012579,0,0
post_rest,140500.0,0.000000,-0.012480,0,0
post_rest,140600.0,0.000000,-0.009390,0,0
post_rest,140700.0,0.000000,-0.012862,0,0
post_rest,140800.0,0.000000,-0.025974,0,0
post_rest,140900.0,0.000000,-0.011994,0,0
post_rest,141000.0,0.000000,-0.012012,0,0
post_rest,141100.0,0.000000,-0.019418,0,0
post_rest,141200.0,0.000000,-0.012480,0,0
post_rest,141300.0,0.000000,-0.009360,0,0
post_rest,141400.0,0.000000,-0.012461,0,0
post_rest,141500.0,0.000000,-0.011922,0,0
post_rest,141600.0,0.000000,-0.011994,0,0
post_rest,141700.0,0.000000,-0.012121,0,0
post_rest,141800.0,0.000000,-0.012012,0,0
post_rest,141900.0,0.000000,-0.026549,0,0
post_rest,142000.0,0.000000,-0.009023,0,0
post_rest,142100.0,0.000000,-0.011994,0,0
post_rest,142200.0,0.000000,-0.012308,0,0
post_rest,142300.0,0.000000,-0.011994,0,0
post_rest,142400.0,0.000000,-0.011994,0,0
post_rest,142500.0,0.000000,-0.012638,0,0
post_rest,142600.0,0.000000,-0.012012,0,0
post_rest,142700.0,0.000000,-0.012658,0,0
post_rest,142800.0,0.000000,-0.011994,0,0
post_rest,142900.0,0.000000,-0.012103,0,0
post_rest,143000.0,0.000000,-0.015601,0,0
post_rest,143100.0,0.000000,-0.012308,0,0
post_rest,143200.0,0.000000,-0.011994,0,0
post_rest,143300.0,0.000000,-0.012012,0,0
post_rest,143400.0,0.000000,-0.011994,0,0
post_rest,143500.0,0.000000,-0.011994,0,0
post_rest,143600.0,0.000000,-0.012012,0,0
post_rest,143700.0,0.000000,-0.011922,0,0
post_rest,143800.0,0.000000,-0.012500,0,0
post_rest,143900.0,0.000000,-0.011994,0,0
post_rest,144000.0,0.000000,-0.012012,0,0
post_rest,144100.0,0.000000,-0.012012,0,0
post_rest,144200.0,0.000000,-0.009009,0,0
post_rest,144300.0,0.000000,-0.012103,0,0
post_rest,144400.0,0.000000,-0.011994,0,0
post_rest,144500.0,0.000000,-0.012158,0,0
post_rest,144600.0,0.000000,-0.011994,0,0
post_rest,144700.0,0.000000,-0.012539,0,0
post_rest,144800.0,0.000000,-0.011994,0,0
post_rest,144900.0,0.000000,-0.012520,0,0
post_rest,145000.0,0.000000,-0.012500,0,0
post_rest,145100.0,0.000000,-0.026059,0,0
post_rest,145200.0,0.000000,-0.012121,0,0
post_rest,145300.0,0.000000,-0.011958,0,0
post_rest,145400.0,0.000000,-0.011994,0,0
post_rest,145500.0,0.000000,-0.012012,0,0
post_rest,145600.0,0.000000,-0.012520,0,0
post_rest,145700.0,0.000000,-0.012658,0,0
post_rest,145800.0,0.000000,-0.012195,0,0
post_rest,145900.0,0.000000,-0.012539,0,0
post_rest,146000.0,0.000000,-0.012780,0,0
post_rest,146100.0,0.000000,-0.012678,0,0
post_rest,146200.0,0.000000,-0.012121,0,0
post_rest,146300.0,0.000000,-0.011994,0,0
post_rest,146400.0,0.000000,-0.012658,0,0
post_rest,146500.0,0.000000,-0.012658,0,0
post_rest,146600.0,0.000000,-0.012308,0,0
post_rest,146700.0,0.000000,-0.011994,0,0
post_rest,146800.0,0.000000,-0.011994,0,0
post_rest,146900.0,0.000000,-0.012308,0,0
post_rest,147000.0,0.000000,-0.011994,0,0
post_rest,147100.0,0.000000,-0.012012,0,0
post_rest,147200.0,0.000000,-0.012442,0,0
post_rest,147300.0,-0.003058,-0.012066,0,0
post_rest,147400.0,-0.003058,-0.012442,0,0
post_rest,147500.0,0.000000,-0.012422,0,0
post_rest,147600.0,-0.003053,-0.012384,0,0
post_rest,147700.0,-0.003328,-0.013267,0,0
post_rest,147800.0,-0.002981,-0.012012,0,0
post_rest,147900.0,-0.002981,-0.012140,0,0
post_rest,148000.0,0.000000,-0.009023,0,0
post_rest,148100.0,-0.002981,-0.012012,0,0
post_rest,148200.0,-0.003035,-0.012140,0,0
post_rest,148300.0,-0.003226,-0.027304,0,0
post_rest,148400.0,-0.003003,-0.012195,0,0
post_rest,148500.0,-0.002981,-0.011994,0,0
post_rest,148600.0,0.000000,-0.012012,0,0
post_rest,148700.0,0.000000,-0.012140,0,0
post_rest,148800.0,0.000000,-0.012442,0,0
post_rest,148900.0,0.000000,-0.012140,0,0
post_rest,149000.0,0.000000,-0.011958,0,0
post_rest,149100.0,0.000000,-0.012384,0,0
post_rest,149200.0,0.000000,-0.012121,0,0
post_rest,149300.0,0.000000,-0.012140,0,0
post_rest,149400.0,0.000000,-0.012140,0,0
post_rest,149500.0,0.000000,-0.012121,0,0
post_rest,149600.0,0.000000,-0.012422,0,0
post_rest,149700.0,0.000000,-0.012121,0,0
post_rest,149800.0,0.000000,-0.025890,0,0
post_rest,149900.0,0.000000,-0.026667,0,0
post_rest,150000.0,0.000000,-0.011958,0,0
post_rest,150100.0,0.000000,-0.011994,0,0
post_rest,150200.0,0.000000,-0.026667,0,0
post_rest,150300.0,0.000000,-0.012579,0,0
post_rest,150400.0,0.000000,-0.012520,0,0
post_rest,150500.0,0.000000,-0.011994,0,0
post_rest,150600.0,0.000000,-0.012759,0,0
post_rest,150700.0,0.000000,-0.012658,0,0
post_rest,150800.0,0.000000,-0.012121,0,0
post_rest,150900.0,0.000000,-0.011994,0,0
post_rest,151000.0,0.000000,-0.009063,0,0
post_rest,151100.0,0.000000,-0.012048,0,0
post_rest,151200.0,0.000000,-0.012048,0,0
post_rest,151300.0,0.000000,-0.009375,0,0
post_rest,151400.0,0.000000,-0.009259,0,0
post_rest,151500.0,0.000000,-0.011994,0,0
post_rest,151600.0,0.000000,-0.012214,0,0
post_rest,151700.0,0.000000,-0.011994,0,0
post_rest,151800.0,0.000000,-0.011994,0,0
post_rest,151900.0,0.000000,-0.011994,0,0
post_rest,152000.0,0.000000,-0.011994,0,0
post_rest,152100.0,0.000000,-0.011994,0,0
post_rest,152200.0,0.000000,-0.012500,0,0
post_rest,152300.0,0.000000,-0.012442,0,0
post_rest,152400.0,0.000000,-0.011994,0,0
post_rest,152500.0,0.000000,-0.011994,0,0
post_rest,152600.0,0.000000,-0.011994,0,0
post_rest,152700.0,0.000000,-0.011994,0,0
post_rest,152800.0,0.000000,-0.009360,0,0
post_rest,152900.0,0.000000,-0.012121,0,0
post_rest,153000.0,0.000000,-0.012678,0,0
post_rest,153100.0,0.000000,-0.012121,0,0
post_rest,153200.0,0.000000,-0.012658,0,0
post_rest,153300.0,0.000000,-0.012678,0,0
post_rest,153400.0,0.000000,-0.012539,0,0
post_rest,153500.0,0.000000,-0.011994,0,0
post_rest,153600.0,0.000000,-0.012012,0,0
post_rest,153700.0,0.000000,-0.012012,0,0
post_rest,153800.0,0.000000,-0.011994,0,0
post_rest,153900.0,0.000000,-0.012030,0,0
post_rest,154000.0,0.000000,-0.012012,0,0
post_rest,154100.0,0.000000,-0.009023,0,0
post_rest,154200.0,0.000000,-0.009023,0,0
post_rest,154300.0,0.000000,-0.012030,0,0
post_rest,154400.0,0.000000,-0.012308,0,0
post_rest,154500.0,0.000000,-0.012346,0,0
post_rest,154600.0,0.000000,-0.009390,0,0
post_rest,154700.0,0.000000,-0.012012,0,0
post_rest,154800.0,0.000000,-0.012012,0,0
post_rest,154900.0,0.000000,-0.012012,0,0
post_rest,155000.0,0.000000,-0.012140,0,0
post_rest,155100.0,0.000000,-0.015528,0,0
post_rest,155200.0,0.000000,-0.015129,0,0
post_rest,155300.0,0.000000,-0.015152,0,0
post_rest,155400.0,0.000000,-0.026786,0,0
post_rest,155500.0,0.000000,-0.014992,0,0
post_rest,155600.0,0.000000,-0.015015,0,0
post_rest,155700.0,0.000000,-0.015015,0,0
post_rest,155800.0,0.000000,-0.015221,0,0
post_rest,155900.0,0.000000,-0.015848,0,0
post_rest,156000.0,0.000000,-0.015385,0,0
post_rest,156100.0,0.000000,-0.015432,0,0
post_rest,156200.0,0.000000,-0.014992,0,0
post_rest,156300.0,0.000000,-0.015385,0,0
post_rest,156400.0,0.000000,-0.015337,0,0
post_rest,156500.0,0.000000,-0.012012,0,0
post_rest,156600.0,0.000000,-0.012012,0,0
post_rest,156700.0,0.000000,-0.015385,0,0
post_rest,156800.0,0.000000,-0.014992,0,0
post_rest,156900.0,0.000000,-0.011958,0,0
post_rest,157000.0,0.000000,-0.011976,0,0
post_rest,157100.0,0.000000,-0.009023,0,0
post_rest,157200.0,0.000000,-0.012327,0,0
post_rest,157300.0,0.000000,-0.012012,0,0
post_rest,157400.0,0.000000,-0.012308,0,0
post_rest,157500.0,0.000000,-0.012030,0,0
post_rest,157600.0,0.000000,-0.015361,0,0
post_rest,157700.0,0.000000,-0.014992,0,0
post_rest,157800.0,0.000000,-0.012289,0,0
post_rest,157900.0,0.000000,-0.012012,0,0
post_rest,158000.0,0.000000,-0.012085,0,0
post_rest,158100.0,0.000000,-0.014992,0,0
post_rest,158200.0,0.000000,-0.014992,0,0
post_rest,158300.0,0.000000,-0.014992,0,0
post_rest,158400.0,0.000000,-0.012480,0,0
post_rest,158500.0,0.000000,-0.014992,0,0
post_rest,158600.0,0.000000,-0.015649,0,0
post_rest,158700.0,0.000000,-0.012158,0,0
post_rest,158800.0,0.000000,-0.012158,0,0
post_rest,158900.0,0.000000,-0.026786,0,0
post_rest,159000.0,0.000000,-0.012012,0,0
post_rest,159100.0,0.000000,-0.012520,0,0
post_rest,159200.0,0.000000,-0.013986,0,0
post_rest,159300.0,0.000000,-0.012308,0,0
post_rest,159400.0,0.000000,-0.016313,0,0
post_rest,159500.0,0.000000,-0.015337,0,0
post_rest,159600.0,0.000000,-0.014992,0,0
post_rest,159700.0,0.000000,-0.012461,0,0
post_rest,159800.0,0.000000,-0.012618,0,0
post_rest,159900.0,0.000000,-0.009539,0,0
post_rest,160000.0,0.000000,-0.013008,0,0
post_rest,160100.0,0.000000,-0.012158,0,0
post_rest,160200.0,0.000000,-0.009023,0,0
post_rest,160300.0,0.000000,-0.012030,0,0
post_rest,160400.0,0.000000,-0.012012,0,0
post_rest,160500.0,0.000000,-0.012365,0,0
post_rest,160600.0,0.000000,-0.012384,0,0
post_rest,160700.0,0.000000,-0.012365,0,0
post_rest,160800.0,0.000000,-0.012780,0,0
post_rest,160900.0,0.000000,-0.012012,0,0
post_rest,161000.0,0.000000,-0.012012,0,0
post_rest,161100.0,0.000000,-0.012030,0,0
post_rest,161200.0,0.000000,-0.012618,0,0
post_rest,161300.0,0.000000,-0.012048,0,0
post_rest,161400.0,0.000000,-0.012346,0,0
post_rest,161500.0,0.000000,-0.012012,0,0
post_rest,161600.0,0.000000,-0.012327,0,0
post_rest,161700.0,0.000000,-0.012559,0,0
post_rest,161800.0,0.000000,-0.012158,0,0
post_rest,161900.0,0.000000,-0.012618,0,0
post_rest,162000.0,0.000000,-0.012012,0,0
post_rest,162100.0,0.000000,-0.012048,0,0
post_rest,162200.0,0.000000,-0.012012,0,0
post_rest,162300.0,0.000000,-0.012012,0,0
post_rest,162400.0,0.000000,-0.009105,0,0
post_rest,162500.0,0.000000,-0.009050,0,0
post_rest,162600.0,0.000000,-0.012214,0,0
post_rest,162700.0,0.000000,-0.012030,0,0
post_rest,162800.0,0.000000,-0.012030,0,0
post_rest,162900.0,0.000000,-0.012480,0,0
post_rest,163000.0,0.000000,-0.012158,0,0
post_rest,163100.0,0.000000,-0.009375,0,0
post_rest,163200.0,0.000000,-0.012012,0,0
post_rest,163300.0,0.000000,-0.012030,0,0
post_rest,163400.0,0.000000,-0.012030,0,0
post_rest,163500.0,0.000000,-0.012158,0,0
post_rest,163600.0,0.000000,-0.012012,0,0
post_rest,163700.0,0.000000,-0.011994,0,0
post_rest,163800.0,0.000000,-0.012365,0,0
post_rest,163900.0,0.000000,-0.012012,0,0
post_rest,164000.0,0.000000,-0.012719,0,0
post_rest,164100.0,0.000000,-0.009023,0,0
post_rest,164200.0,0.000000,-0.011940,0,0
post_rest,164300.0,0.000000,-0.012012,0,0
post_rest,164400.0,0.000000,-0.012365,0,0
post_rest,164500.0,0.000000,-0.009419,0,0
post_rest,164600.0,0.000000,-0.012030,0,0
post_rest,164700.0,0.000000,-0.009023,0,0
post_rest,164800.0,0.000000,-0.026786,0,0
post_rest,164900.0,0.000000,-0.009217,0,0
post_rest,165000.0,0.000000,-0.012066,0,0
